Region;Regions-ID;KV;Kreistyp;Wert;Bundeswert;;Inzidenz in Prozent;Anzahl;;Inzidenz;
Peine, Kreis;3157;NI;Verdichtetes Umland;94,75;80,18;;0,75;1;;0,0075;100
Dessau-Roßlau, Kreisfreie Stadt;15001;ST;Ländlicher Raum;92,92;80,18;;;;;;
Zweibrücken, Kreisfreie Stadt;7320;RP;Verdichtetes Umland;91,96;80,18;;2,89;1;;0,0289;
Salzgitter, Kreisfreie Stadt;3102;NI;Kernstädte;91,65;80,18;;1,91;2;;0,0191;
Wolfsburg, Kreisfreie Stadt;3103;NI;Kernstädte;91,48;80,18;;;;;;
Güstrow, Kreis;13053;MV;Ländliches Umland;91,37;80,18;;;;;;
Wunsiedel i.Fichtelgebirge, Kreis;9479;BY;Ländlicher Raum;91,34;80,18;;1,29;1;;0,0129;
Grafschaft Bentheim, Kreis;3456;NI;Ländlicher Raum;91,3;80,18;;4,45;6;;0,0445;
Warendorf, Kreis;5570;WL;Verdichtetes Umland;91,12;80,18;;2,51;7;;0,0251;
Vechta, Kreis;3460;NI;Verdichtetes Umland;90,83;80,18;;2,22;3;;0,0222;
Magdeburg, Kreisfreie Stadt;15003;ST;Kernstädte;90,15;80,18;;2,15;5;;0,0215;
Schweinfurt, Kreisfreie Stadt;9662;BY;Ländlicher Raum;90,13;80,18;;3,74;2;;0,0374;
Mannheim, Kreisfreie Stadt;8222;BW;Kernstädte;89,88;80,18;;1,3;4;;0,013;
Wilhelmshaven, Kreisfreie Stadt;3405;NI;Verdichtetes Umland;89,8;80,18;;;;;;
Wittenberg, Kreis;15091;ST;Ländlicher Raum;89,56;80,18;;;;;;
Erlangen, Kreisfreie Stadt;9562;BY;Kernstädte;89,5;80,18;;2,82;3;;0,0282;
Offenbach am Main, Kreisfreie Stadt;6413;HE;Kernstädte;89,46;80,18;;;;;;
Wolfenbüttel, Kreis;3158;NI;Verdichtetes Umland;89,33;80,18;;0,81;1;;0,0081;
Braunschweig, Kreisfreie Stadt;3101;NI;Kernstädte;89,32;80,18;;1,21;3;;0,0121;
Herne, Kreisfreie Stadt;5916;WL;Kernstädte;89,23;80,18;;4,29;7;;0,0429;
Unstrut-Hainich-Kreis;16064;TH;Ländlicher Raum;89,12;80,18;;;;;;
Müritz, Kreis;13056;MV;Ländlicher Raum;89,06;80,18;;;;;;
Soest, Kreis;5974;WL;Verdichtetes Umland;88,91;80,18;;2,3;7;;0,023;
Bergstraße, Kreis;6431;HE;Verdichtetes Umland;88,77;80,18;;0,75;2;;0,0075;
Paderborn, Kreis;5774;WL;Verdichtetes Umland;88,65;80,18;;0,67;2;;0,0067;
Brandenburg an der Havel, Kreisfreie Stadt;12051;BB;Ländliches Umland;88,59;80,18;;;;;;
Heilbronn, Kreisfreie Stadt;8121;BW;Kernstädte;88,58;80,18;;;;;;
Coesfeld, Kreis;5558;WL;Verdichtetes Umland;88,35;80,18;;2,28;5;;0,0228;
Delmenhorst, Kreisfreie Stadt;3401;NI;Ländliches Umland;88,34;80,18;;1,32;1;;0,0132;
Mayen-Koblenz, Kreis;7137;RP;Verdichtetes Umland;88,23;80,18;;1,88;4;;0,0188;
Nordhausen, Kreis;16062;TH;Ländlicher Raum;88,18;80,18;;1,12;1;;0,0112;
Hersfeld-Rotenburg, Kreis;6632;HE;Ländlicher Raum;88,16;80,18;;0,81;1;;0,0081;
Greifswald, Kreisfreie Stadt;13001;MV;Ländlicher Raum;88,12;80,18;;;;;;
Ahrweiler, Kreis;7131;RP;Verdichtetes Umland;88,1;80,18;;3,88;5;;0,0388;
Schwabach, Kreisfreie Stadt;9565;BY;Verdichtetes Umland;88,1;80,18;;;;;;
Ludwigslust, Kreis;13054;MV;Ländlicher Raum;87,92;80,18;;;;;;
Neunkirchen, Kreis;10043;SL;Verdichtetes Umland;87,91;80,18;;1,45;2;;0,0145;
Börde, Kreis;15083;ST;Ländliches Umland;87,83;80,18;;1,11;2;;0,0111;
Siegen-Wittgenstein, Kreis;5970;WL;Verdichtetes Umland;87,82;80,18;;2,11;6;;0,0211;
Osnabrück, Kreisfreie Stadt;3404;NI;Kernstädte;87,76;80,18;;1,23;2;;0,0123;
Groß-Gerau, Kreis;6433;HE;Verdichtetes Umland;87,75;80,18;;1,54;4;;0,0154;
Cloppenburg, Kreis;3453;NI;Ländliches Umland;87,7;80,18;;0,62;1;;0,0062;
Koblenz, Kreisfreie Stadt;7111;RP;Kernstädte;87,7;80,18;;2,74;3;;0,0274;
Neumünster, Kreisfreie Stadt;1004;SH;Verdichtetes Umland;87,6;80,18;;3,83;3;;0,0383;
Emsland, Kreis;3454;NI;Ländlicher Raum;87,6;80,18;;0,95;3;;0,0095;
Frankfurt (Oder), Kreisfreie Stadt;12053;BB;Ländliches Umland;87,53;80,18;;4,9;3;;0,049;
Hof, Kreisfreie Stadt;9464;BY;Ländlicher Raum;87,5;80,18;;;;;;
Borken, Kreis;5554;WL;Verdichtetes Umland;87,46;80,18;;2,99;11;;0,0299;
Helmstedt, Kreis;3154;NI;Ländliches Umland;87,23;80,18;;1,06;1;;0,0106;
Erlangen-Höchstadt, Kreis;9572;BY;Verdichtetes Umland;87,13;80,18;;0,76;1;;0,0076;
Havelland, Kreis;12063;BB;Ländliches Umland;87,1;80,18;;0,64;1;;0,0064;
Ludwigshafen am Rhein, Kreisfreie Stadt;7314;RP;Kernstädte;87,09;80,18;;;;;;
Pirmasens, Kreisfreie Stadt;7317;RP;Verdichtetes Umland;87,08;80,18;;12,05;5;;0,1205;
Mönchengladbach, Kreisfreie Stadt;5116;NO;Kernstädte;87,06;80,18;;1,92;5;;0,0192;
Main-Spessart, Kreis;9677;BY;Ländliches Umland;86,82;80,18;;;;;;
Eichsfeld, Kreis;16061;TH;Ländlicher Raum;86,82;80,18;;0,95;1;;0,0095;
Main-Taunus-Kreis;6436;HE;Verdichtetes Umland;86,77;80,18;;;;;;
Celle, Kreis;3351;NI;Ländlicher Raum;86,7;80,18;;3,9;7;;0,039;
Amberg, Kreisfreie Stadt;9361;BY;Ländlicher Raum;86,59;80,18;;;;;;
Hildesheim, Kreis;3254;NI;Verdichtetes Umland;86,57;80,18;;1,06;3;;0,0106;
Offenbach, Kreis;6438;HE;Verdichtetes Umland;86,55;80,18;;2,34;8;;0,0234;
Gelsenkirchen, Kreisfreie Stadt;5513;WL;Kernstädte;86,52;80,18;;2,66;7;;0,0266;
Olpe, Kreis;5966;WL;Verdichtetes Umland;86,5;80,18;;1,45;2;;0,0145;
Osterholz, Kreis;3356;NI;Verdichtetes Umland;86,49;80,18;;0,89;1;;0,0089;
Kyffhäuserkreis;16065;TH;Ländlicher Raum;86,48;80,18;;;;;;
Hamm, Kreisfreie Stadt;5915;WL;Kernstädte;86,47;80,18;;1,66;3;;0,0166;
Darmstadt, Kreisfreie Stadt;6411;HE;Kernstädte;86,43;80,18;;0,68;1;;0,0068;
Saarpfalz-Kreis;10045;SL;Verdichtetes Umland;86,36;80,18;;;;;;
Stralsund, Kreisfreie Stadt;13005;MV;Ländlicher Raum;86,35;80,18;;;;;;
Recklinghausen, Kreis;5562;WL;Verdichtetes Umland;86,16;80,18;;0,48;3;;0,0048;
Aurich, Kreis;3452;NI;Verdichtetes Umland;86,12;80,18;;2,64;5;;0,0264;
Südwestpfalz, Kreis;7340;RP;Verdichtetes Umland;86,12;80,18;;;;;;
Mansfeld-Südharz, Kreis;15087;ST;Ländliches Umland;86,12;80,18;;;;;;
Hagen, Kreisfreie Stadt;5914;WL;Kernstädte;86,02;80,18;;1,56;3;;0,0156;
Wismar, Kreisfreie Stadt;13006;MV;Ländlicher Raum;85,97;80,18;;;;;;
Kitzingen, Kreis;9675;BY;Ländliches Umland;85,96;80,18;;6,72;6;;0,0672;
Oldenburg (Oldenburg), Kreisfreie Stadt;3403;NI;Kernstädte;85,95;80,18;;;;;;
Frankfurt am Main, Kreisfreie Stadt;6412;HE;Kernstädte;85,91;80,18;;1,59;11;;0,0159;
Rostock, Kreisfreie Stadt;13003;MV;Kernstädte;85,91;80,18;;1,48;3;;0,0148;
Märkischer Kreis;5962;WL;Verdichtetes Umland;85,89;80,18;;;;;;
Region Hannover, Kreis;3241;NI;Verdichtetes Umland;85,88;80,18;;;;;;
Nordvorpommern, Kreis;13057;MV;Ländlicher Raum;85,84;80,18;;;;;;
Weiden i.d.OPf., Kreisfreie Stadt;9363;BY;Ländlicher Raum;85,82;80,18;;4,72;2;;0,0472;
Bottrop, Kreisfreie Stadt;5512;WL;Kernstädte;85,78;80,18;;2,54;3;;0,0254;
Unna, Kreis;5978;WL;Verdichtetes Umland;85,74;80,18;;4,4;18;;0,044;
Anhalt-Bitterfeld, Kreis;15082;ST;Ländlicher Raum;85,71;80,18;;;;;;
Darmstadt-Dieburg, Kreis;6432;HE;Verdichtetes Umland;85,65;80,18;;1,37;4;;0,0137;
Wesermarsch, Kreis;3461;NI;Ländliches Umland;85,63;80,18;;;;;;
Schweinfurt, Kreis;9678;BY;Ländlicher Raum;85,56;80,18;;0,87;1;;0,0087;
Hochtaunuskreis;6434;HE;Verdichtetes Umland;85,52;80,18;;;;;;
Esslingen, Kreis;8116;BW;Verdichtetes Umland;85,52;80,18;;2,51;13;;0,0251;
Wiesbaden, Kreisfreie Stadt;6414;HE;Kernstädte;85,51;80,18;;2,18;6;;0,0218;
Ostvorpommern, Kreis;13059;MV;Ländlicher Raum;85,5;80,18;;;;;;
Marburg-Biedenkopf, Kreis;6534;HE;Verdichtetes Umland;85,46;80,18;;5,22;13;;0,0522;
Osterode am Harz, Kreis;3156;NI;Ländliches Umland;85,44;80,18;;;;;;
Harz, Kreis;15085;ST;Ländliches Umland;85,41;80,18;;2,15;5;;0,0215;
Heilbronn, Kreis;8125;BW;Verdichtetes Umland;85,33;80,18;;0,6;2;;0,006;
Aschaffenburg, Kreisfreie Stadt;9661;BY;Verdichtetes Umland;85,32;80,18;;1,45;1;;0,0145;
Rotenburg (Wümme), Kreis;3357;NI;Ländliches Umland;85,3;80,18;;1,22;2;;0,0122;
Stade, Kreis;3359;NI;Verdichtetes Umland;85,24;80,18;;0,51;1;;0,0051;
Bochum, Kreisfreie Stadt;5911;WL;Kernstädte;85,22;80,18;;2,94;11;;0,0294;
Neubrandenburg, Kreisfreie Stadt;13002;MV;Ländlicher Raum;85,2;80,18;;;;;;
Stendal, Kreis;15090;ST;Ländlicher Raum;85,2;80,18;;0,82;1;;0,0082;
Ulm, Kreisfreie Stadt;8421;BW;Kernstädte;85,19;80,18;;1,64;2;;0,0164;
Tübingen, Kreis;8416;BW;Verdichtetes Umland;85,1;80,18;;0,46;1;;0,0046;
Remscheid, Kreisfreie Stadt;5120;NO;Kernstädte;85,08;80,18;;0,89;1;;0,0089;
Steinburg, Kreis;1061;SH;Ländlicher Raum;84,99;80,18;;2,25;3;;0,0225;
Harburg, Kreis;3353;NI;Verdichtetes Umland;84,96;80,18;;0,41;1;;0,0041;
Bernkastel-Wittlich, Kreis;7231;RP;Ländliches Umland;84,88;80,18;;4,45;5;;0,0445;
Solingen, Kreisfreie Stadt;5122;NO;Kernstädte;84,86;80,18;;3,74;6;;0,0374;
Parchim, Kreis;13060;MV;Ländlicher Raum;84,73;80,18;;;;;;
Main-Kinzig-Kreis;6435;HE;Verdichtetes Umland;84,68;80,18;;;;;;
Holzminden, Kreis;3255;NI;Ländliches Umland;84,6;80,18;;;;;;
Ostprignitz-Ruppin, Kreis;12068;BB;Ländlicher Raum;84,58;80,18;;0,97;1;;0,0097;
Elbe-Elster, Kreis;12062;BB;Ländliches Umland;84,54;80,18;;;;;;
Reutlingen, Kreis;8415;BW;Verdichtetes Umland;84,53;80,18;;1,42;4;;0,0142;
Alb-Donau-Kreis;8425;BW;Ländliches Umland;84,53;80,18;;;;;;
Straubing-Bogen, Kreis;9278;BY;Ländlicher Raum;84,47;80,18;;2,04;2;;0,0204;
Lörrach, Kreis;8336;BW;Verdichtetes Umland;84,46;80,18;;2,24;5;;0,0224;
Jena, Kreisfreie Stadt;16053;TH;Kernstädte;84,43;80,18;;0,94;1;;0,0094;
Rhein-Pfalz-Kreis;7338;RP;Verdichtetes Umland;84,37;80,18;;;;;;
Flensburg, Kreisfreie Stadt;1001;SH;Ländlicher Raum;84,32;80,18;;1,15;1;;0,0115;
Rastatt, Kreis;8216;BW;Verdichtetes Umland;84,31;80,18;;2,64;6;;0,0264;
Jerichower Land;15086;ST;Ländliches Umland;84,23;80,18;;;;;;
Germersheim, Kreis;7334;RP;Verdichtetes Umland;84,18;80,18;;;;;;
Dahme-Spreewald, Kreis;12061;BB;Ländliches Umland;84,11;80,18;;1,23;2;;0,0123;
Lübeck, Kreisfreie Stadt;1003;SH;Kernstädte;84,04;80,18;;4,22;9;;0,0422;
Rheingau-Taunus-Kreis;6439;HE;Verdichtetes Umland;84,01;80,18;;;;;;
Worms, Kreisfreie Stadt;7319;RP;Verdichtetes Umland;83,99;80,18;;;;;;
Bielefeld, Kreisfreie Stadt;5711;WL;Kernstädte;83,98;80,18;;0,61;2;;0,0061;
Osnabrück, Kreis;3459;NI;Verdichtetes Umland;83,78;80,18;;1,96;7;;0,0196;
Sömmerda, Kreis;16068;TH;Ländliches Umland;83,78;80,18;;2,72;2;;0,0272;
Cottbus, Kreisfreie Stadt;12052;BB;Kernstädte;83,74;80,18;;1,96;2;;0,0196;
Demmin, Kreis;13052;MV;Ländlicher Raum;83,74;80,18;;;;;;
Böblingen, Kreis;8115;BW;Verdichtetes Umland;83,73;80,18;;1,59;6;;0,0159;
Schwalm-Eder-Kreis;6634;HE;Ländliches Umland;83,72;80,18;;;;;;
Herzogtum Lauenburg, Kreis;1053;SH;Ländliches Umland;83,71;80,18;;2,64;5;;0,0264;
Main-Tauber-Kreis;8128;BW;Ländliches Umland;83,68;80,18;;;;;;
Lippe, Kreis;5766;WL;Verdichtetes Umland;83,64;80,18;;0,28;1;;0,0028;
Emmendingen, Kreis;8316;BW;Verdichtetes Umland;83,62;80,18;;1,26;2;;0,0126;
Günzburg, Kreis;9774;BY;Verdichtetes Umland;83,59;80,18;;4,9;6;;0,049;
Fulda, Kreis;6631;HE;Ländlicher Raum;83,56;80,18;;0,91;2;;0,0091;
Kaiserslautern, Kreisfreie Stadt;7312;RP;Verdichtetes Umland;83,56;80,18;;1,01;1;;0,0101;
München, Kreis;9184;BY;Verdichtetes Umland;83,56;80,18;;2,15;7;;0,0215;
Leverkusen, Kreisfreie Stadt;5316;NO;Kernstädte;83,51;80,18;;1,85;3;;0,0185;
Nürnberger Land, Kreis;9574;BY;Verdichtetes Umland;83,48;80,18;;0,6;1;;0,006;
Essen, Kreisfreie Stadt;5113;NO;Kernstädte;83,47;80,18;;3,27;19;;0,0327;
Ammerland, Kreis;3451;NI;Verdichtetes Umland;83,44;80,18;;;;;;
Schwerin, Kreisfreie Stadt;13004;MV;Ländlicher Raum;83,43;80,18;;;;;;
Sonneberg, Kreis;16072;TH;Ländlicher Raum;83,33;80,18;;;;;;
Teltow-Fläming, Kreis;12072;BB;Ländliches Umland;83,32;80,18;;1,84;3;;0,0184;
Heinsberg, Kreis;5370;NO;Verdichtetes Umland;83,3;80,18;;1,18;3;;0,0118;
Herford, Kreis;5758;WL;Verdichtetes Umland;83,24;80,18;;1,59;4;;0,0159;
Kiel, Kreisfreie Stadt;1002;SH;Kernstädte;83,22;80,18;;3,75;9;;0,0375;
Cham, Kreis;9372;BY;Ländliches Umland;83,21;80,18;;2,33;3;;0,0233;
Schwandorf, Kreis;9376;BY;Ländlicher Raum;83,19;80,18;;1,38;2;;0,0138;
Saale-Holzland-Kreis;16074;TH;Ländliches Umland;83,12;80,18;;;;;;
Dortmund, Kreisfreie Stadt;5913;WL;Kernstädte;83,11;80,18;;2,39;14;;0,0239;
Oberspreewald-Lausitz, Kreis;12066;BB;Ländliches Umland;83,03;80,18;;4,1;5;;0,041;
Saale-Orla-Kreis;16075;TH;Ländliches Umland;83,03;80,18;;;;;;
Heidelberg, Kreisfreie Stadt;8221;BW;Kernstädte;83,01;80,18;;2;3;;0,02;
Hof, Kreis;9475;BY;Ländlicher Raum;83,01;80,18;;1,99;2;;0,0199;
Mettmann, Kreis;5158;NO;Verdichtetes Umland;82,97;80,18;;0,81;4;;0,0081;
Regensburg, Kreisfreie Stadt;9362;BY;Kernstädte;82,94;80,18;;2,89;4;;0,0289;
Rhein-Neckar-Kreis;8226;BW;Verdichtetes Umland;82,82;80,18;;;;;;
München, Kreisfreie Stadt;9162;BY;Kernstädte;82,78;80,18;;2,35;32;;0,0235;
Kassel, Kreis;6633;HE;Verdichtetes Umland;82,7;80,18;;0,42;1;;0,0042;
Karlsruhe, Kreis;8215;BW;Verdichtetes Umland;82,7;80,18;;3,23;14;;0,0323;
Oberhausen, Kreisfreie Stadt;5119;NO;Kernstädte;82,68;80,18;;1,4;3;;0,014;
Saarbrücken, Regionalverband;10041;SL;Kernstädte;82,66;80,18;;;;;;
Fürth, Kreis;9573;BY;Verdichtetes Umland;82,65;80,18;;0,87;1;;0,0087;
Salzlandkreis;15089;ST;Verdichtetes Umland;82,64;80,18;;;;;;
Freudenstadt, Kreis;8237;BW;Ländliches Umland;82,57;80,18;;;;;;
Schleswig-Flensburg, Kreis;1059;SH;Ländlicher Raum;82,48;80,18;;1,51;3;;0,0151;
Suhl, Kreisfreie Stadt;16054;TH;Ländlicher Raum;82,45;80,18;;;;;;
Emden, Kreisfreie Stadt;3402;NI;Verdichtetes Umland;82,44;80,18;;7,85;4;;0,0785;
Kronach, Kreis;9476;BY;Ländliches Umland;82,4;80,18;;;;;;
Bad Doberan, Kreis;13051;MV;Ländliches Umland;82,4;80,18;;;;;;
Saarlouis, Kreis;10044;SL;Verdichtetes Umland;82,35;80,18;;1,48;3;;0,0148;
Zollernalbkreis;8417;BW;Verdichtetes Umland;82,32;80,18;;;;;;
Bremerhaven, Kreisfreie Stadt;4012;HB;Kernstädte;82,28;80,18;;0,88;1;;0,0088;
Neustadt a.d.Aisch-Bad Windsheim, Kreis;9575;BY;Ländlicher Raum;82,24;80,18;;;;;;
Miltenberg, Kreis;9676;BY;Verdichtetes Umland;82,15;80,18;;3,86;5;;0,0386;
St. Wendel, Kreis;10046;SL;Verdichtetes Umland;82,01;80,18;;;;;;
Westerwaldkreis;7143;RP;Verdichtetes Umland;82;80,18;;;;;;
Fürstenfeldbruck, Kreis;9179;BY;Verdichtetes Umland;81,98;80,18;;3,38;7;;0,0338;
Hameln-Pyrmont, Kreis;3252;NI;Verdichtetes Umland;81,95;80,18;;0,65;1;;0,0065;
Gütersloh, Kreis;5754;WL;Verdichtetes Umland;81,88;80,18;;1,97;7;;0,0197;
Plön, Kreis;1057;SH;Ländliches Umland;81,87;80,18;;;;;;
Segeberg, Kreis;1060;SH;Verdichtetes Umland;81,84;80,18;;3,42;9;;0,0342;
Rhein-Erft-Kreis;5362;NO;Verdichtetes Umland;81,84;80,18;;;;;;
Fürth, Kreisfreie Stadt;9563;BY;Kernstädte;81,82;80,18;;3,38;4;;0,0338;
Karlsruhe, Kreisfreie Stadt;8212;BW;Kernstädte;81,78;80,18;;1,69;5;;0,0169;
Potsdam-Mittelmark, Kreis;12069;BB;Ländliches Umland;81,75;80,18;;0,96;2;;0,0096;
Oldenburg, Kreis;3458;NI;Ländliches Umland;81,74;80,18;;;;;;
Uckermark, Kreis;12073;BB;Ländlicher Raum;81,69;80,18;;0,77;1;;0,0077;
Saalekreis;15088;ST;Ländliches Umland;81,67;80,18;;;;;;
Dithmarschen, Kreis;1051;SH;Ländlicher Raum;81,62;80,18;;2,22;3;;0,0222;
Enzkreis;8236;BW;Verdichtetes Umland;81,55;80,18;;;;;;
Straubing, Kreisfreie Stadt;9263;BY;Ländlicher Raum;81,48;80,18;;4,39;2;;0,0439;
Vogelsbergkreis;6535;HE;Ländliches Umland;81,47;80,18;;;;;;
Ludwigsburg, Kreis;8118;BW;Verdichtetes Umland;81,47;80,18;;1,53;8;;0,0153;
Lahn-Dill-Kreis;6532;HE;Verdichtetes Umland;81,45;80,18;;;;;;
Haßberge, Kreis;9674;BY;Ländlicher Raum;81,45;80,18;;1,17;1;;0,0117;
Rhein-Lahn-Kreis;7141;RP;Verdichtetes Umland;81,41;80,18;;;;;;
Ansbach, Kreisfreie Stadt;9561;BY;Ländlicher Raum;81,36;80,18;;9,82;4;;0,0982;
Pforzheim, Kreisfreie Stadt;8231;BW;Kernstädte;81,35;80,18;;0,83;1;;0,0083;
Diepholz, Kreis;3251;NI;Ländliches Umland;81,32;80,18;;1,4;3;;0,014;
Stormarn, Kreis;1062;SH;Verdichtetes Umland;81,3;80,18;;2,16;5;;0,0216;
Nordwestmecklenburg, Kreis;13058;MV;Ländlicher Raum;81,28;80,18;;1,87;3;;0,0187;
Göppingen, Kreis;8117;BW;Verdichtetes Umland;81,27;80,18;;2,35;6;;0,0235;
Pinneberg, Kreis;1056;SH;Verdichtetes Umland;81,25;80,18;;2,63;8;;0,0263;
Rhein-Hunsrück-Kreis;7140;RP;Ländliches Umland;81,23;80,18;;;;;;
Kaiserslautern, Kreis;7335;RP;Verdichtetes Umland;81,23;80,18;;0,94;1;;0,0094;
Spree-Neiße, Kreis;12071;BB;Ländliches Umland;81,21;80,18;;3,14;4;;0,0314;
Aschaffenburg, Kreis;9671;BY;Verdichtetes Umland;81,16;80,18;;0,58;1;;0,0058;
Oder-Spree, Kreis;12067;BB;Ländliches Umland;81,15;80,18;;2,17;4;;0,0217;
Berlin;11000;BE;Kernstädte;81,1;80,18;;;;;;
Limburg-Weilburg, Kreis;6533;HE;Verdichtetes Umland;81,04;80,18;;2,89;5;;0,0289;
Alzey-Worms, Kreis;7331;RP;Verdichtetes Umland;81,04;80,18;;0,79;1;;0,0079;
Mainz-Bingen, Kreis;7339;RP;Verdichtetes Umland;81,01;80,18;;2,95;6;;0,0295;
Hamburg;2000;HH;Kernstädte;80,95;80,18;;;;;;
Regensburg, Kreis;9375;BY;Ländliches Umland;80,93;80,18;;0,54;1;;0,0054;
Hohenlohekreis;8126;BW;Ländliches Umland;80,82;80,18;;;;;;
Werra-Meißner-Kreis;6636;HE;Ländliches Umland;80,8;80,18;;;;;;
Dillingen a.d.Donau, Kreis;9773;BY;Ländliches Umland;80,7;80,18;;1,06;1;;0,0106;
Baden-Baden, Kreisfreie Stadt;8211;BW;Verdichtetes Umland;80,69;80,18;;;;;;
Steinfurt, Kreis;5566;WL;Verdichtetes Umland;80,68;80,18;;2,03;9;;0,0203;
Speyer, Kreisfreie Stadt;7318;RP;Verdichtetes Umland;80,66;80,18;;1,99;1;;0,0199;
Neckar-Odenwald-Kreis;8225;BW;Ländliches Umland;80,64;80,18;;;;;;
Düsseldorf, Kreisfreie Stadt;5111;NO;Kernstädte;80,54;80,18;;1,52;9;;0,0152;
Uelzen, Kreis;3360;NI;Ländlicher Raum;80,51;80,18;;3,17;3;;0,0317;
Waldshut, Kreis;8337;BW;Ländliches Umland;80,49;80,18;;4,18;7;;0,0418;
Ilm-Kreis;16070;TH;Ländliches Umland;80,48;80,18;;;;;;
Roth, Kreis;9576;BY;Verdichtetes Umland;80,36;80,18;;3,99;5;;0,0399;
Cochem-Zell, Kreis;7135;RP;Ländliches Umland;80,35;80,18;;1,57;1;;0,0157;
Eisenach, Kreisfreie Stadt;16056;TH;Ländlicher Raum;80,14;80,18;;2,33;1;;0,0233;
Forchheim, Kreis;9474;BY;Verdichtetes Umland;80,13;80,18;;3,51;4;;0,0351;
Barnim, Kreis;12060;BB;Ländliches Umland;80,12;80,18;;3,39;6;;0,0339;
Würzburg, Kreisfreie Stadt;9663;BY;Kernstädte;80,11;80,18;;1,54;2;;0,0154;
Prignitz, Kreis;12070;BB;Ländlicher Raum;80;80,18;;;;;;
Augsburg, Kreisfreie Stadt;9761;BY;Kernstädte;79,94;80,18;;2,19;6;;0,0219;
Würzburg, Kreis;9679;BY;Verdichtetes Umland;79,91;80,18;;2,5;4;;0,025;
Tuttlingen, Kreis;8327;BW;Verdichtetes Umland;79,9;80,18;;2,94;4;;0,0294;
Biberach, Kreis;8426;BW;Ländliches Umland;79,82;80,18;;3,66;7;;0,0366;
Kleve, Kreis;5154;NO;Verdichtetes Umland;79,8;80,18;;0,98;3;;0,0098;
Münster, Kreisfreie Stadt;5515;WL;Kernstädte;79,72;80,18;;1,04;3;;0,0104;
Dachau, Kreis;9174;BY;Verdichtetes Umland;79,72;80,18;;1,41;2;;0,0141;
Wesel, Kreis;5170;NO;Verdichtetes Umland;79,68;80,18;;1,93;9;;0,0193;
Bremen, Kreisfreie Stadt;4011;HB;Kernstädte;79,63;80,18;;1,63;9;;0,0163;
Weimarer-Land, Kreis;16071;TH;Verdichtetes Umland;79,59;80,18;;;;;;
Birkenfeld, Kreis;7134;RP;Ländliches Umland;79,49;80,18;;2,38;2;;0,0238;
Rems-Murr-Kreis;8119;BW;Verdichtetes Umland;79,43;80,18;;;;;;
Ostholstein, Kreis;1055;SH;Ländliches Umland;79,34;80,18;;0,49;1;;0,0049;
Stuttgart, Kreisfreie Stadt;8111;BW;Kernstädte;79,3;80,18;;1,64;10;;0,0164;
Rheinisch-Bergischer Kreis;5378;NO;Verdichtetes Umland;79,24;80,18;;;;;;
Minden-Lübbecke, Kreis;5770;WL;Verdichtetes Umland;79,23;80,18;;2,22;7;;0,0222;
Trier, Kreisfreie Stadt;7211;RP;Kernstädte;79,14;80,18;;1,89;2;;0,0189;
Nürnberg, Kreisfreie Stadt;9564;BY;Kernstädte;79,12;80,18;;2,58;13;;0,0258;
Göttingen, Kreis;3152;NI;Verdichtetes Umland;78,9;80,18;;0,89;3;;0,0089;
Mecklenburg-Strelitz, Kreis;13055;MV;Ländlicher Raum;78,84;80,18;;;;;;
Altenburger Land, Kreis;16077;TH;Verdichtetes Umland;78,78;80,18;;;;;;
Sigmaringen, Kreis;8437;BW;Ländliches Umland;78,69;80,18;;5,34;7;;0,0534;
Bayreuth, Kreisfreie Stadt;9462;BY;Ländlicher Raum;78,67;80,18;;1,36;1;;0,0136;
Waldeck-Frankenberg, Kreis;6635;HE;Ländliches Umland;78,63;80,18;;;;;;
Erfurt, Kreisfreie Stadt;16051;TH;Kernstädte;78,43;80,18;;1,94;4;;0,0194;
Ingolstadt, Kreisfreie Stadt;9161;BY;Kernstädte;78,41;80,18;;1,57;2;;0,0157;
Hildburghausen, Kreis;16069;TH;Ländlicher Raum;78,31;80,18;;;;;;
Rhein-Kreis Neuss, Kreis;5162;NO;Verdichtetes Umland;78,3;80,18;;4,26;19;;0,0426;
Eifelkreis Bitburg-Prüm;7232;RP;Ländliches Umland;78,26;80,18;;;;;;
Augsburg, Kreis;9772;BY;Verdichtetes Umland;78,16;80,18;;1,23;3;;0,0123;
Neustadt a.d.Waldnaab, Kreis;9374;BY;Ländlicher Raum;78,11;80,18;;1,03;1;;0,0103;
Regen, Kreis;9276;BY;Ländlicher Raum;78,06;80,18;;1,26;1;;0,0126;
Neumarkt i.d.OPf., Kreis;9373;BY;Ländliches Umland;78,05;80,18;;5,41;7;;0,0541;
Wetteraukreis;6440;HE;Verdichtetes Umland;77,98;80,18;;;;;;
Kassel, Kreisfreie Stadt;6611;HE;Kernstädte;77,9;80,18;;3,06;6;;0,0306;
Weimar, Kreisfreie Stadt;16055;TH;Verdichtetes Umland;77,87;80,18;;;;;;
Burgenlandkreis;15084;ST;Ländliches Umland;77,79;80,18;;;;;;
Gera, Kreisfreie Stadt;16052;TH;Kernstädte;77,78;80,18;;1,01;1;;0,0101;
Wuppertal, Kreisfreie Stadt;5124;NO;Kernstädte;77,67;80,18;;1,41;5;;0,0141;
Bamberg, Kreis;9471;BY;Verdichtetes Umland;77,67;80,18;;;;;;
Schwarzwald-Baar-Kreis;8326;BW;Verdichtetes Umland;77,63;80,18;;;;;;
Uecker-Randow, Kreis;13062;MV;Ländlicher Raum;77,57;80,18;;;;;;
Lüchow-Dannenberg, Kreis;3354;NI;Ländlicher Raum;77,46;80,18;;6,02;3;;0,0602;
Rendsburg-Eckernförde, Kreis;1058;SH;Verdichtetes Umland;77,38;80,18;;0,74;2;;0,0074;
Trier-Saarburg, Kreis;7235;RP;Ländliches Umland;77,34;80,18;;1,39;2;;0,0139;
Bad Kreuznach, Kreis;7133;RP;Verdichtetes Umland;77,27;80,18;;1,27;2;;0,0127;
Ostalbkreis;8136;BW;Verdichtetes Umland;77,27;80,18;;;;;;
Cuxhaven, Kreis;3352;NI;Ländliches Umland;77,08;80,18;;0,5;1;;0,005;
Gotha, Kreis;16067;TH;Verdichtetes Umland;77,08;80,18;;2,87;4;;0,0287;
Soltau-Fallingbostel, Kreis;3358;NI;Ländlicher Raum;76,95;80,18;;;;;;
Schwäbisch Hall, Kreis;8127;BW;Ländliches Umland;76,89;80,18;;5,26;10;;0,0526;
Neu-Ulm, Kreis;9775;BY;Verdichtetes Umland;76,82;80,18;;1,2;2;;0,012;
Greiz, Kreis;16076;TH;Ländliches Umland;76,75;80,18;;3,7;4;;0,037;
Passau, Kreisfreie Stadt;9262;BY;Ländlicher Raum;76,62;80,18;;5,9;3;;0,059;
Südliche Weinstraße, Kreis;7337;RP;Verdichtetes Umland;76,54;80,18;;0,91;1;;0,0091;
Bodenseekreis;8435;BW;Verdichtetes Umland;76,5;80,18;;;;;;
Gifhorn, Kreis;3151;NI;Ländliches Umland;76,45;80,18;;;;;;
Friesland, Kreis;3455;NI;Verdichtetes Umland;76,26;80,18;;1;1;;0,01;
Rottweil, Kreis;8325;BW;Verdichtetes Umland;76,23;80,18;;2,15;3;;0,0215;
Neuwied, Kreis;7138;RP;Verdichtetes Umland;76,15;80,18;;0,55;1;;0,0055;
Tirschenreuth, Kreis;9377;BY;Ländlicher Raum;76,15;80,18;;3,99;3;;0,0399;
Mainz, Kreisfreie Stadt;7315;RP;Kernstädte;76,06;80,18;;3,47;7;;0,0347;
Kusel, Kreis;7336;RP;Ländliches Umland;76,06;80,18;;1,36;1;;0,0136;
Köln, Kreisfreie Stadt;5315;NO;Kernstädte;76,01;80,18;;2,25;23;;0,0225;
Ansbach, Kreis;9571;BY;Ländlicher Raum;75,81;80,18;;3,29;6;;0,0329;
Heidenheim, Kreis;8135;BW;Verdichtetes Umland;75,79;80,18;;0,75;1;;0,0075;
Aichach-Friedberg, Kreis;9771;BY;Verdichtetes Umland;75,7;80,18;;3,1;4;;0,031;
Oberhavel, Kreis;12065;BB;Ländliches Umland;75,66;80,18;;4,91;10;;0,0491;
Bayreuth, Kreis;9472;BY;Ländlicher Raum;75,61;80,18;;1,88;2;;0,0188;
Potsdam, Kreisfreie Stadt;12054;BB;Kernstädte;75,43;80,18;;;;;;
Coburg, Kreis;9473;BY;Verdichtetes Umland;75,2;80,18;;;;;;
Altötting, Kreis;9171;BY;Ländlicher Raum;75,14;80,18;;1,84;2;;0,0184;
Coburg, Kreisfreie Stadt;9463;BY;Verdichtetes Umland;75,11;80,18;;;;;;
Nienburg (Weser), Kreis;3256;NI;Ländliches Umland;75,07;80,18;;1,63;2;;0,0163;
Gießen, Kreis;6531;HE;Verdichtetes Umland;74,91;80,18;;1,16;3;;0,0116;
Saalfeld-Rudolstadt, Kreis;16073;TH;Ländliches Umland;74,89;80,18;;0,86;1;;0,0086;
Frankenthal (Pfalz), Kreisfreie Stadt;7311;RP;Verdichtetes Umland;74,83;80,18;;;;;;
Northeim, Kreis;3155;NI;Ländliches Umland;74,72;80,18;;1,43;2;;0,0143;
Schmalkalden-Meiningen, Kreis;16066;TH;Ländlicher Raum;74,69;80,18;;1,53;2;;0,0153;
Euskirchen, Kreis;5366;NO;Verdichtetes Umland;74,63;80,18;;1,57;3;;0,0157;
Aachen, Kreisfreie Stadt;5313;NO;Kernstädte;74,47;80,18;;;;;;
Aachen, Kreis;5354;NO;Verdichtetes Umland;74,47;80,18;;2,15;12;;0,0215;
Goslar, Kreis;3153;NI;Verdichtetes Umland;74,41;80,18;;1,39;2;;0,0139;
Rhein-Sieg-Kreis;5382;NO;Verdichtetes Umland;74,37;80,18;;;;;;
Höxter, Kreis;5762;WL;Ländliches Umland;74,3;80,18;;;;;;
Lichtenfels, Kreis;9478;BY;Ländliches Umland;74,22;80,18;;;;;;
Freising, Kreis;9178;BY;Verdichtetes Umland;74,18;80,18;;1,19;2;;0,0119;
Eichstätt, Kreis;9176;BY;Ländliches Umland;74,13;80,18;;3,96;5;;0,0396;
Bonn, Kreisfreie Stadt;5314;NO;Kernstädte;73,99;80,18;;2,52;8;;0,0252;
Kempten (Allgäu), Kreisfreie Stadt;9763;BY;Ländlicher Raum;73,89;80,18;;;;;;
Nordfriesland, Kreis;1054;SH;Ländlicher Raum;73,82;80,18;;1,82;3;;0,0182;
Weißenburg-Gunzenhausen, Kreis;9577;BY;Ländlicher Raum;73,76;80,18;;5,33;5;;0,0533;
Neuburg-Schrobenhausen, Kreis;9185;BY;Ländliches Umland;73,58;80,18;;4,31;4;;0,0431;
Rhön-Grabfeld, Kreis;9673;BY;Ländlicher Raum;73,57;80,18;;;;;;
Rügen, Kreis;13061;MV;Ländlicher Raum;73,4;80,18;;;;;;
Lindau (Bodensee), Kreis;9776;BY;Ländlicher Raum;73,28;80,18;;;;;;
Bamberg, Kreisfreie Stadt;9461;BY;Verdichtetes Umland;72,8;80,18;;;;;;
Märkisch-Oderland, Kreis;12064;BB;Ländliches Umland;72,78;80,18;;1,05;2;;0,0105;
Duisburg, Kreisfreie Stadt;5112;NO;Kernstädte;72,22;80,18;;2,82;14;;0,0282;
Wittmund, Kreis;3462;NI;Ländliches Umland;72,13;80,18;;1,75;1;;0,0175;
Schaumburg, Kreis;3257;NI;Verdichtetes Umland;71,78;80,18;;1,24;2;;0,0124;
Lüneburg, Kreis;3355;NI;Ländlicher Raum;71,75;80,18;;;;;;
Merzig-Wadern, Kreis;10042;SL;Verdichtetes Umland;71,73;80,18;;4,77;5;;0,0477;
Odenwaldkreis;6437;HE;Verdichtetes Umland;71,59;80,18;;;;;;
Ennepe-Ruhr-Kreis;5954;WL;Verdichtetes Umland;70,79;80,18;;;;;;
Wartburgkreis;16063;TH;Ländlicher Raum;70,64;80,18;;;;;;
Hochsauerlandkreis;5958;WL;Ländliches Umland;70,51;80,18;;;;;;
Konstanz, Kreis;8335;BW;Verdichtetes Umland;70,16;80,18;;2,52;7;;0,0252;
Leer, Kreis;3457;NI;Verdichtetes Umland;69,96;80,18;;1,2;2;;0,012;
Deggendorf, Kreis;9271;BY;Ländlicher Raum;69,77;80,18;;1,71;2;;0,0171;
Donnersbergkreis;7333;RP;Ländliches Umland;69,72;80,18;;;;;;
Rosenheim, Kreisfreie Stadt;9163;BY;Ländlicher Raum;69,63;80,18;;3,27;2;;0,0327;
Oberallgäu, Kreis;9780;BY;Ländlicher Raum;69,55;80,18;;4,63;7;;0,0463;
Amberg-Sulzbach, Kreis;9371;BY;Ländlicher Raum;69,31;80,18;;1,9;2;;0,019;
Vulkaneifel, Kreis;7233;RP;Ländliches Umland;69,06;80,18;;1,61;1;;0,0161;
Kulmbach, Kreis;9477;BY;Ländlicher Raum;68,83;80,18;;1,34;1;;0,0134;
Ravensburg, Kreis;8436;BW;Verdichtetes Umland;68,45;80,18;;2,16;6;;0,0216;
Calw, Kreis;8235;BW;Verdichtetes Umland;68,24;80,18;;2,54;4;;0,0254;
Passau, Kreis;9275;BY;Ländlicher Raum;67,96;80,18;;0,53;1;;0,0053;
Düren, Kreis;5358;NO;Verdichtetes Umland;67,73;80,18;;1,13;3;;0,0113;
Kaufbeuren, Kreisfreie Stadt;9762;BY;Ländlicher Raum;67,71;80,18;;4,71;2;;0,0471;
Altmarkkreis Salzwedel;15081;ST;Ländlicher Raum;67,69;80,18;;;;;;
Bad Kissingen, Kreis;9672;BY;Ländlicher Raum;67,46;80,18;;0,95;1;;0,0095;
Donau-Ries, Kreis;9779;BY;Ländliches Umland;66,86;80,18;;2,29;3;;0,0229;
Freyung-Grafenau, Kreis;9272;BY;Ländlicher Raum;66,82;80,18;;1,26;1;;0,0126;
Landau in der Pfalz, Kreisfreie Stadt;7313;RP;Verdichtetes Umland;66,54;80,18;;;;;;
Memmingen, Kreisfreie Stadt;9764;BY;Ländliches Umland;66,14;80,18;;4,77;2;;0,0477;
Ebersberg, Kreis;9175;BY;Verdichtetes Umland;65,6;80,18;;6,11;8;;0,0611;
Verden, Kreis;3361;NI;Verdichtetes Umland;65,34;80,18;;2,98;4;;0,0298;
Ortenaukreis;8317;BW;Verdichtetes Umland;65,22;80,18;;;;;;
Halle (Saale), Kreisfreie Stadt;15002;ST;Kernstädte;64,94;80,18;;;;;;
Kelheim, Kreis;9273;BY;Ländliches Umland;64,35;80,18;;3,46;4;;0,0346;
Breisgau-Hochschwarzwald, Kreis;8315;BW;Verdichtetes Umland;63,96;80,18;;2,77;7;;0,0277;
Oberbergischer Kreis;5374;NO;Verdichtetes Umland;63,06;80,18;;;;;;
Mülheim an der Ruhr, Kreisfreie Stadt;5117;NO;Kernstädte;62,97;80,18;;;;;;
Freiburg im Breisgau, Kreisfreie Stadt;8311;BW;Kernstädte;62,91;80,18;;;;;;
Landsberg am Lech, Kreis;9181;BY;Ländliches Umland;62,85;80,18;;;;;;
Krefeld, Kreisfreie Stadt;5114;NO;Kernstädte;62,79;80,18;;3,02;7;;0,0302;
Landshut, Kreis;9274;BY;Ländlicher Raum;61,6;80,18;;;;;;
Starnberg, Kreis;9188;BY;Verdichtetes Umland;61,56;80,18;;2,29;3;;0,0229;
Viersen, Kreis;5166;NO;Verdichtetes Umland;61,11;80,18;;2,33;7;;0,0233;
Dingolfing-Landau, Kreis;9279;BY;Ländlicher Raum;60,75;80,18;;1,08;1;;0,0108;
Neustadt an der Weinstraße, Kreisfreie Stadt;7316;RP;Verdichtetes Umland;60,67;80,18;;;;;;
Erding, Kreis;9177;BY;Ländliches Umland;60,45;80,18;;1,56;2;;0,0156;
Pfaffenhofen a.d.Ilm, Kreis;9186;BY;Verdichtetes Umland;59,55;80,18;;2,51;3;;0,0251;
Berchtesgadener Land, Kreis;9172;BY;Ländlicher Raum;59,42;80,18;;4,85;5;;0,0485;
Landshut, Kreisfreie Stadt;9261;BY;Ländlicher Raum;59,36;80,18;;4,59;3;;0,0459;
Weilheim-Schongau, Kreis;9190;BY;Ländlicher Raum;58,12;80,18;;0,76;1;;0,0076;
Bad Dürkheim, Kreis;7332;RP;Verdichtetes Umland;57,08;80,18;;3;4;;0,03;
Mühldorf a.Inn, Kreis;9183;BY;Ländlicher Raum;56,58;80,18;;2,69;3;;0,0269;
Unterallgäu, Kreis;9778;BY;Ländliches Umland;55,79;80,18;;0,72;1;;0,0072;
Miesbach, Kreis;9182;BY;Ländlicher Raum;55,06;80,18;;2,08;2;;0,0208;
Rottal-Inn, Kreis;9277;BY;Ländlicher Raum;54,22;80,18;;2,52;3;;0,0252;
Altenkirchen (Westerwald), Kreis;7132;RP;Verdichtetes Umland;52,89;80,18;;;;;;
Traunstein, Kreis;9189;BY;Ländlicher Raum;52,8;80,18;;2,32;4;;0,0232;
Ostallgäu, Kreis;9777;BY;Ländlicher Raum;52,66;80,18;;1,47;2;;0,0147;
Garmisch-Partenkirchen, Kreis;9180;BY;Ländlicher Raum;52,55;80,18;;2,3;2;;0,023;
Rosenheim, Kreis;9187;BY;Ländlicher Raum;50,21;80,18;;4,78;12;;0,0478;
Bad Tölz-Wolfratshausen, Kreis;9173;BY;Ländlicher Raum;31,62;80,18;;1,63;2;;0,0163;
Chemnitz;14511;SN;Kernstädte;NA;NA;;;;;;
Erzgebirgskreis;14521;SN;Verdichtetes Umland;NA;NA;;;;;;
Mittelsachsen;14522;SN;Verdichtetes Umland;NA;NA;;;;;;
Vogtlandkreis;14523;SN;Verdichtetes Umland;NA;NA;;;;;;
Zwickau;14524;SN;Verdichtetes Umland;NA;NA;;;;;;
Dresden;14612;SN;Kernstädte;NA;NA;;;;;;
Bautzen;14625;SN;Ländlicher Raum;NA;NA;;;;;;
Görlitz;14626;SN;Ländlicher Raum;NA;NA;;;;;;
Meißen;14627;SN;Verdichtetes Umland;NA;NA;;;;;;
Sächsische Schweiz-Osterzgebirge;14628;SN;Verdichtetes Umland;NA;NA;;;;;;
Leipzig;14713;SN;Kernstädte;NA;NA;;;;;;
Lk.Leipzig;14729;SN;Verdichtetes Umland;NA;NA;;;;;;
Nordsachsen;14730;SN;Ländliches Umland;NA;NA;;;;;;
